<ArrayOfRecentColorSettings xmlns="http://schemas.flexem.com/fs/Settings/RecentColorSettings" xmlns:i="http://www.w3.org/2001/XMLSchema-instance"><RecentColorSettings><Color xmlns:a="http://schemas.datacontract.org/2004/07/System.Windows.Media"><a:A>255</a:A><a:B>255</a:B><a:G>0</a:G><a:R>0</a:R><a:ScA>1</a:ScA><a:ScB>1</a:ScB><a:ScG>0</a:ScG><a:ScR>0</a:ScR></Color><Name>28</Name></RecentColorSettings><RecentColorSettings><Color xmlns:a="http://schemas.datacontract.org/2004/07/System.Windows.Media"><a:A>255</a:A><a:B>255</a:B><a:G>255</a:G><a:R>255</a:R><a:ScA>1</a:ScA><a:ScB>1</a:ScB><a:ScG>1</a:ScG><a:ScR>1</a:ScR></Color><Name>47</Name></RecentColorSettings><RecentColorSettings><Color xmlns:a="http://schemas.datacontract.org/2004/07/System.Windows.Media"><a:A>255</a:A><a:B>255</a:B><a:G>255</a:G><a:R>255</a:R><a:ScA>1</a:ScA><a:ScB>1</a:ScB><a:ScG>1</a:ScG><a:ScR>1</a:ScR></Color><Name>47</Name></RecentColorSettings><RecentColorSettings><Color xmlns:a="http://schemas.datacontract.org/2004/07/System.Windows.Media"><a:A>255</a:A><a:B>255</a:B><a:G>255</a:G><a:R>255</a:R><a:ScA>1</a:ScA><a:ScB>1</a:ScB><a:ScG>1</a:ScG><a:ScR>1</a:ScR></Color><Name>47</Name></RecentColorSettings><RecentColorSettings><Color xmlns:a="http://schemas.datacontract.org/2004/07/System.Windows.Media"><a:A>255</a:A><a:B>255</a:B><a:G>255</a:G><a:R>255</a:R><a:ScA>1</a:ScA><a:ScB>1</a:ScB><a:ScG>1</a:ScG><a:ScR>1</a:ScR></Color><Name>47</Name></RecentColorSettings><RecentColorSettings><Color xmlns:a="http://schemas.datacontract.org/2004/07/System.Windows.Media"><a:A>255</a:A><a:B>255</a:B><a:G>255</a:G><a:R>255</a:R><a:ScA>1</a:ScA><a:ScB>1</a:ScB><a:ScG>1</a:ScG><a:ScR>1</a:ScR></Color><Name>47</Name></RecentColorSettings><RecentColorSettings><Color xmlns:a="http://schemas.datacontract.org/2004/07/System.Windows.Media"><a:A>255</a:A><a:B>255</a:B><a:G>255</a:G><a:R>255</a:R><a:ScA>1</a:ScA><a:ScB>1</a:ScB><a:ScG>1</a:ScG><a:ScR>1</a:ScR></Color><Name>47</Name></RecentColorSettings><RecentColorSettings><Color xmlns:a="http://schemas.datacontract.org/2004/07/System.Windows.Media"><a:A>255</a:A><a:B>255</a:B><a:G>255</a:G><a:R>255</a:R><a:ScA>1</a:ScA><a:ScB>1</a:ScB><a:ScG>1</a:ScG><a:ScR>1</a:ScR></Color><Name>47</Name></RecentColorSettings></ArrayOfRecentColorSettings>